{"cameraMode":{"drawMode":0,"name":"Shaded","section":"Shading Mode"},"sceneLighting":false,"audioPlay":false,"sceneViewState":{"showFog":true,"showMaterialUpdate":false,"showSkybox":false,"showFlares":true,"showImageEffects":true,"showParticleSystems":true,"showVisualEffectGraphs":true,"m_FxEnabled":true},"in2DMode":false,"pivot":{"x":-0.20839691162109376,"y":10.527462005615235,"z":-0.3145017623901367},"rotation":{"x":0.07499339431524277,"y":0.24279750883579255,"z":-0.018829727545380594,"w":0.9669910073280335},"size":18.263267517089845,"orthographic":false}